-- phpMyAdmin SQL Dump
-- version 5.2.1
-- https://www.phpmyadmin.net/
--
-- Host: 127.0.0.1
-- Waktu pembuatan: 11 Jun 2023 pada 21.33
-- Versi server: 10.4.28-MariaDB
-- Versi PHP: 8.2.4

SET SQL_MODE = "NO_AUTO_VALUE_ON_ZERO";
START TRANSACTION;
SET time_zone = "+00:00";


/*!40101 SET @OLD_CHARACTER_SET_CLIENT=@@CHARACTER_SET_CLIENT */;
/*!40101 SET @OLD_CHARACTER_SET_RESULTS=@@CHARACTER_SET_RESULTS */;
/*!40101 SET @OLD_COLLATION_CONNECTION=@@COLLATION_CONNECTION */;
/*!40101 SET NAMES utf8mb4 */;

--
-- Database: `gacoan`
--

-- --------------------------------------------------------

--
-- Struktur dari tabel `tb_detail_pemesanan`
--

CREATE TABLE `tb_detail_pemesanan` (
  `id_detail_pemesanan` int(11) NOT NULL,
  `id_pemesanan` int(11) NOT NULL,
  `id_menu` int(11) NOT NULL,
  `jumlah` int(11) NOT NULL
) ENGINE=InnoDB DEFAULT CHARSET=utf8mb4 COLLATE=utf8mb4_general_ci;

--
-- Dumping data untuk tabel `tb_detail_pemesanan`
--

INSERT INTO `tb_detail_pemesanan` (`id_detail_pemesanan`, `id_pemesanan`, `id_menu`, `jumlah`) VALUES
(41, 22, 3, 2),
(42, 22, 4, 1),
(43, 24, 3, 1),
(44, 25, 5, 1),
(45, 26, 4, 1),
(46, 27, 3, 1),
(47, 27, 4, 1),
(48, 28, 5, 1),
(49, 28, 19, 1),
(50, 29, 22, 1),
(51, 30, 3, 2),
(52, 30, 4, 1),
(53, 31, 3, 1),
(54, 32, 3, 1),
(55, 32, 4, 1),
(56, 33, 3, 1),
(57, 34, 3, 1),
(58, 35, 4, 1),
(59, 36, 22, 1),
(60, 36, 3, 1),
(61, 37, 5, 2),
(62, 38, 22, 1),
(63, 38, 23, 1),
(64, 39, 22, 1),
(65, 39, 23, 1),
(66, 40, 21, 1),
(67, 41, 19, 1),
(68, 42, 3, 1),
(69, 43, 5, 2),
(70, 44, 23, 1),
(71, 45, 3, 1),
(72, 45, 22, 1),
(73, 46, 5, 1),
(74, 46, 22, 1),
(75, 47, 3, 1),
(76, 48, 21, 1),
(77, 48, 22, 1),
(78, 49, 3, 1),
(79, 49, 19, 1),
(80, 50, 4, 1),
(81, 51, 22, 1),
(82, 52, 23, 1),
(83, 53, 19, 1),
(84, 54, 23, 1),
(85, 55, 5, 1),
(86, 56, 21, 1),
(87, 56, 22, 1),
(88, 57, 19, 1),
(89, 58, 1, 1),
(90, 59, 1, 1),
(91, 60, 1, 1),
(92, 60, 22, 1),
(93, 61, 21, 1),
(94, 61, 4, 1),
(95, 62, 1, 1),
(96, 63, 1, 1),
(97, 63, 22, 1),
(98, 64, 5, 1),
(99, 65, 23, 1),
(100, 66, 1, 1),
(101, 66, 19, 1),
(102, 66, 22, 1),
(103, 67, 3, 1),
(104, 68, 22, 1),
(105, 68, 1, 2),
(106, 69, 1, 1),
(107, 70, 1, 1),
(108, 71, 1, 1),
(109, 72, 1, 1),
(110, 72, 3, 1),
(111, 72, 4, 1),
(112, 72, 22, 1),
(113, 73, 1, 1),
(114, 74, 5, 1),
(115, 75, 4, 1),
(116, 76, 3, 1),
(117, 77, 1, 1),
(118, 78, 3, 2),
(119, 79, 1, 1),
(120, 80, 4, 1),
(121, 80, 23, 1),
(122, 81, 1, 2),
(123, 82, 5, 1),
(124, 83, 4, 1),
(125, 84, 22, 1),
(126, 85, 21, 1),
(127, 86, 19, 1),
(128, 87, 22, 1),
(129, 87, 5, 1),
(130, 88, 1, 1),
(131, 89, 3, 1),
(132, 90, 23, 1),
(133, 91, 1, 1),
(134, 92, 3, 1),
(135, 93, 4, 1),
(136, 94, 5, 1),
(137, 95, 21, 1),
(138, 96, 22, 1),
(139, 97, 19, 1),
(140, 98, 23, 1),
(141, 99, 19, 1),
(142, 100, 22, 1),
(143, 101, 1, 1),
(144, 102, 3, 1),
(145, 103, 4, 1),
(146, 104, 5, 1),
(147, 105, 21, 1),
(148, 106, 22, 1),
(149, 107, 23, 1),
(150, 108, 19, 1),
(151, 109, 3, 1),
(152, 110, 22, 1),
(153, 111, 3, 1),
(154, 112, 19, 1),
(155, 113, 22, 1),
(156, 114, 19, 1),
(157, 115, 23, 1),
(158, 116, 3, 1),
(159, 117, 4, 1),
(160, 118, 5, 1),
(161, 119, 4, 1),
(162, 120, 1, 1),
(163, 121, 19, 1),
(164, 122, 21, 1),
(165, 123, 22, 1),
(166, 124, 1, 1),
(167, 125, 3, 1),
(168, 126, 22, 1),
(169, 127, 23, 1),
(170, 128, 21, 1),
(171, 129, 3, 1),
(172, 130, 1, 1),
(173, 131, 22, 1),
(174, 132, 21, 1),
(175, 133, 23, 1),
(176, 134, 22, 1),
(177, 135, 3, 1),
(178, 136, 21, 1),
(179, 137, 19, 1),
(180, 138, 22, 1),
(181, 139, 23, 1),
(182, 140, 4, 1),
(183, 141, 1, 1),
(184, 142, 5, 1),
(185, 143, 3, 1),
(186, 144, 4, 1),
(187, 145, 1, 1),
(188, 146, 3, 1),
(189, 147, 1, 1),
(190, 148, 22, 1),
(191, 149, 4, 1),
(192, 150, 5, 1),
(193, 151, 3, 1),
(194, 152, 1, 1),
(195, 153, 19, 1),
(196, 154, 4, 1),
(197, 155, 23, 1),
(198, 156, 1, 1),
(199, 157, 3, 1),
(200, 158, 5, 1),
(201, 159, 21, 1),
(202, 160, 19, 1),
(203, 161, 22, 1),
(204, 162, 3, 1),
(205, 163, 5, 1),
(206, 164, 22, 1),
(207, 165, 3, 1),
(208, 166, 1, 1),
(209, 167, 19, 1),
(210, 168, 21, 1),
(211, 169, 4, 1),
(212, 170, 3, 1),
(213, 171, 21, 1),
(214, 172, 23, 1),
(215, 173, 19, 1),
(216, 174, 3, 1),
(217, 175, 5, 1),
(218, 175, 1, 1),
(219, 176, 3, 1),
(220, 177, 4, 1),
(221, 178, 23, 1),
(222, 179, 19, 1),
(223, 180, 4, 1),
(224, 181, 22, 1),
(225, 181, 1, 1),
(226, 182, 4, 1),
(227, 183, 3, 1),
(228, 184, 1, 1),
(229, 185, 19, 1),
(230, 185, 22, 1),
(231, 186, 23, 1),
(232, 187, 1, 1),
(233, 188, 5, 1),
(234, 189, 1, 1),
(235, 190, 21, 1),
(236, 191, 4, 1),
(237, 191, 22, 1),
(238, 192, 22, 1),
(239, 193, 4, 1),
(240, 194, 1, 1),
(241, 195, 21, 1),
(242, 195, 22, 1),
(243, 196, 19, 1),
(244, 196, 1, 1),
(245, 197, 22, 1),
(246, 197, 4, 1),
(247, 198, 1, 1),
(248, 199, 22, 1),
(249, 199, 1, 1),
(250, 200, 5, 1),
(251, 201, 1, 1),
(252, 202, 21, 1),
(253, 202, 22, 1),
(254, 203, 3, 1),
(255, 204, 1, 1),
(256, 205, 22, 1),
(257, 205, 1, 1),
(258, 206, 1, 1),
(259, 207, 3, 1),
(260, 208, 1, 1),
(261, 208, 22, 1),
(262, 209, 1, 1),
(263, 210, 1, 1),
(264, 210, 22, 1),
(265, 211, 21, 1),
(266, 211, 1, 1),
(267, 212, 22, 1),
(268, 213, 1, 1),
(269, 214, 4, 1),
(270, 214, 1, 1),
(271, 215, 1, 1),
(272, 215, 22, 1),
(273, 216, 1, 1),
(274, 217, 5, 1),
(275, 218, 21, 1),
(276, 219, 1, 1),
(277, 220, 3, 1),
(278, 220, 1, 1),
(279, 221, 1, 1),
(280, 222, 1, 1),
(281, 222, 5, 1),
(282, 223, 1, 1),
(283, 223, 22, 1),
(284, 224, 1, 1),
(285, 225, 22, 1),
(286, 225, 4, 1),
(287, 226, 1, 1),
(288, 226, 19, 1),
(289, 227, 1, 1),
(290, 228, 1, 1);

-- --------------------------------------------------------

--
-- Struktur dari tabel `tb_interface`
--

CREATE TABLE `tb_interface` (
  `id_interface` int(11) NOT NULL,
  `nama_interface` varchar(50) NOT NULL
) ENGINE=InnoDB DEFAULT CHARSET=utf8mb4 COLLATE=utf8mb4_general_ci;

--
-- Dumping data untuk tabel `tb_interface`
--

INSERT INTO `tb_interface` (`id_interface`, `nama_interface`) VALUES
(1, 'Beranda'),
(2, 'User'),
(3, 'menu'),
(4, 'pemesanan'),
(5, 'pembayaran'),
(6, 'levelmenu'),
(7, 'Kasir'),
(8, 'laporan');

-- --------------------------------------------------------

--
-- Struktur dari tabel `tb_level`
--

CREATE TABLE `tb_level` (
  `id_level` int(11) NOT NULL,
  `nama_level` varchar(50) NOT NULL
) ENGINE=InnoDB DEFAULT CHARSET=utf8mb4 COLLATE=utf8mb4_general_ci;

--
-- Dumping data untuk tabel `tb_level`
--

INSERT INTO `tb_level` (`id_level`, `nama_level`) VALUES
(1, 'Admin'),
(2, 'Kasir'),
(3, 'Pelanggan');

-- --------------------------------------------------------

--
-- Struktur dari tabel `tb_level_menu`
--

CREATE TABLE `tb_level_menu` (
  `id_level_menu` int(11) NOT NULL,
  `id_level` int(11) NOT NULL,
  `id_interface` int(11) NOT NULL,
  `status` enum('aktif','tidak') NOT NULL
) ENGINE=InnoDB DEFAULT CHARSET=utf8mb4 COLLATE=utf8mb4_general_ci;

--
-- Dumping data untuk tabel `tb_level_menu`
--

INSERT INTO `tb_level_menu` (`id_level_menu`, `id_level`, `id_interface`, `status`) VALUES
(1, 1, 1, 'aktif'),
(2, 1, 2, 'aktif'),
(3, 1, 3, 'aktif'),
(4, 1, 4, 'tidak'),
(5, 1, 5, 'tidak'),
(6, 1, 6, 'aktif'),
(7, 2, 1, 'aktif'),
(8, 2, 2, 'tidak'),
(9, 2, 3, 'aktif'),
(10, 2, 4, 'tidak'),
(11, 2, 5, 'tidak'),
(12, 2, 6, 'tidak'),
(13, 3, 1, 'aktif'),
(14, 3, 2, 'tidak'),
(15, 3, 3, 'tidak'),
(16, 3, 4, 'aktif'),
(17, 3, 5, 'aktif'),
(18, 3, 6, 'tidak'),
(19, 1, 7, 'tidak'),
(20, 2, 7, 'aktif'),
(21, 3, 7, 'tidak'),
(22, 1, 8, 'aktif'),
(23, 2, 8, 'aktif'),
(24, 3, 8, 'tidak');

-- --------------------------------------------------------

--
-- Struktur dari tabel `tb_menu`
--

CREATE TABLE `tb_menu` (
  `id_menu` int(11) NOT NULL,
  `nama_menu` varchar(50) NOT NULL,
  `harga` int(11) NOT NULL,
  `status` enum('tersedia','tidak','','') NOT NULL,
  `gambar` varchar(50) NOT NULL
) ENGINE=InnoDB DEFAULT CHARSET=utf8mb4 COLLATE=utf8mb4_general_ci;

--
-- Dumping data untuk tabel `tb_menu`
--

INSERT INTO `tb_menu` (`id_menu`, `nama_menu`, `harga`, `status`, `gambar`) VALUES
(1, 'Mie Angel', 10000, 'tersedia', '1684738597_b3634451b233b5f926f8.jpg'),
(3, 'Mie Iblis', 15000, 'tersedia', 'mie_iblis.jpg'),
(4, 'Pangsit Goreng', 12000, 'tersedia', '1686466813_f00498688595a88437ff.jpg'),
(5, 'Dimsum', 10000, 'tersedia', '1684242357_55b3c32efa37dcc5dc06.jpg'),
(19, 'Lumpia Udang', 12000, 'tersedia', '1685273775_35979e5e3fee73ac04a4.jpg'),
(21, 'Udang Keju', 13000, 'tersedia', '1686465205_7344e9faa29e86551637.jpg'),
(22, 'Jus Mangga', 15000, 'tersedia', '1686465313_8936023f66b8e5c679d2.jpg'),
(23, 'Mie Setan', 15000, 'tersedia', '1686465371_f45ad64d5b0f380c9052.jpg');

-- --------------------------------------------------------

--
-- Struktur dari tabel `tb_pembayaran`
--

CREATE TABLE `tb_pembayaran` (
  `id_pembayaran` int(11) NOT NULL,
  `id_pemesanan` int(11) NOT NULL,
  `id_user` int(11) NOT NULL,
  `id_kasir` int(11) NOT NULL,
  `tanggal_pembayaran` datetime NOT NULL,
  `jumlah` int(11) NOT NULL,
  `total_harga` int(11) NOT NULL,
  `bayar` int(11) NOT NULL,
  `kembalian` int(11) NOT NULL
) ENGINE=InnoDB DEFAULT CHARSET=utf8mb4 COLLATE=utf8mb4_general_ci;

--
-- Dumping data untuk tabel `tb_pembayaran`
--

INSERT INTO `tb_pembayaran` (`id_pembayaran`, `id_pemesanan`, `id_user`, `id_kasir`, `tanggal_pembayaran`, `jumlah`, `total_harga`, `bayar`, `kembalian`) VALUES
(37, 22, 3, 2, '2023-06-11 14:19:26', 3, 40000, 40000, 0),
(38, 24, 3, 2, '2023-06-11 14:19:44', 4, 15000, 20000, 5000),
(39, 27, 3, 2, '2023-06-11 14:19:55', 6, 25000, 30000, 5000),
(40, 28, 3, 2, '2023-06-11 14:20:04', 8, 22000, 25000, 3000),
(41, 32, 3, 2, '2023-06-11 14:20:13', 10, 27000, 30000, 3000),
(42, 25, 4, 2, '2023-06-11 14:20:24', 11, 10000, 20000, 10000),
(43, 26, 4, 2, '2023-06-11 14:20:31', 12, 10000, 20000, 10000),
(44, 34, 4, 2, '2023-06-11 14:20:42', 13, 15000, 20000, 5000),
(45, 30, 5, 2, '2023-06-11 14:20:50', 16, 40000, 50000, 10000),
(46, 31, 5, 2, '2023-06-11 14:20:58', 17, 15000, 20000, 5000),
(47, 29, 7, 2, '2023-06-11 14:21:06', 18, 15000, 20000, 5000),
(48, 33, 7, 2, '2023-06-11 14:21:15', 19, 15000, 15000, 0),
(49, 35, 3, 2, '2023-06-11 14:39:16', 1, 12000, 15000, 3000),
(50, 36, 3, 2, '2023-06-11 14:39:29', 3, 30000, 50000, 20000),
(51, 37, 3, 2, '2023-06-11 14:40:02', 5, 20000, 50000, 30000),
(52, 38, 3, 2, '2023-06-11 14:40:15', 7, 30000, 40000, 10000),
(53, 39, 3, 2, '2023-06-11 14:40:25', 9, 30000, 40000, 10000),
(54, 40, 3, 2, '2023-06-11 14:40:32', 10, 13000, 15000, 2000),
(55, 41, 3, 2, '2023-06-11 14:40:38', 11, 12000, 15000, 3000),
(56, 42, 3, 2, '2023-06-11 14:40:44', 12, 15000, 15000, 0),
(57, 43, 3, 2, '2023-06-11 14:40:51', 14, 20000, 20000, 0),
(58, 44, 3, 2, '2023-06-11 14:40:56', 15, 15000, 15000, 0),
(59, 45, 3, 2, '2023-06-11 14:41:03', 17, 30000, 50000, 20000),
(60, 46, 3, 2, '2023-06-11 14:41:12', 19, 25000, 50000, 25000),
(61, 47, 3, 2, '2023-06-11 14:41:22', 20, 15000, 100000, 85000),
(62, 48, 3, 2, '2023-06-11 14:41:29', 22, 28000, 30000, 2000),
(63, 49, 3, 2, '2023-06-11 14:41:38', 24, 27000, 30000, 3000),
(64, 50, 3, 2, '2023-06-11 14:41:47', 25, 12000, 50000, 38000),
(65, 51, 3, 2, '2023-06-11 14:42:01', 26, 15000, 20000, 5000),
(66, 52, 3, 2, '2023-06-11 14:42:08', 27, 15000, 20000, 5000),
(67, 53, 3, 2, '2023-06-11 14:42:15', 28, 12000, 15000, 3000),
(68, 54, 3, 2, '2023-06-11 14:42:20', 29, 15000, 15000, 0),
(69, 55, 3, 2, '2023-06-11 14:42:27', 30, 10000, 50000, 40000),
(70, 56, 3, 2, '2023-06-11 14:42:34', 32, 28000, 40000, 12000),
(71, 57, 3, 2, '2023-06-11 14:42:42', 33, 12000, 15000, 3000),
(72, 58, 3, 2, '2023-06-11 14:42:48', 34, 10000, 15000, 5000),
(73, 59, 3, 2, '2023-06-11 14:42:52', 35, 10000, 15000, 5000),
(74, 60, 3, 2, '2023-06-11 14:43:00', 37, 25000, 40000, 15000),
(75, 61, 3, 2, '2023-06-11 14:43:07', 39, 25000, 50000, 25000),
(76, 62, 3, 2, '2023-06-11 14:43:14', 40, 10000, 15000, 5000),
(77, 63, 3, 2, '2023-06-11 14:43:21', 42, 25000, 50000, 25000),
(78, 64, 3, 2, '2023-06-11 14:43:27', 43, 10000, 15000, 5000),
(79, 65, 3, 2, '2023-06-11 14:43:33', 44, 15000, 15000, 0),
(80, 66, 3, 2, '2023-06-11 14:43:40', 47, 37000, 100000, 63000),
(81, 67, 3, 2, '2023-06-11 14:43:46', 48, 15000, 15000, 0),
(82, 68, 3, 2, '2023-06-11 14:43:53', 51, 35000, 50000, 15000),
(83, 69, 3, 2, '2023-06-11 14:44:01', 52, 10000, 50000, 40000),
(84, 70, 3, 2, '2023-06-11 14:44:10', 53, 10000, 50000, 40000),
(85, 71, 3, 2, '2023-06-11 14:44:15', 54, 10000, 50000, 40000),
(86, 72, 3, 2, '2023-06-11 14:44:22', 58, 52000, 100000, 48000),
(87, 73, 7, 2, '2023-06-12 14:52:30', 1, 10000, 20000, 10000),
(88, 74, 7, 2, '2023-06-12 14:52:35', 2, 10000, 20000, 10000),
(89, 75, 7, 2, '2023-06-12 14:52:41', 3, 12000, 20000, 8000),
(90, 76, 7, 2, '2023-06-12 14:52:47', 4, 15000, 100000, 85000),
(91, 77, 7, 2, '2023-06-12 14:53:15', 5, 10000, 20000, 10000),
(92, 78, 7, 2, '2023-06-12 14:53:31', 7, 30000, 50000, 20000),
(93, 79, 7, 2, '2023-06-12 14:53:38', 8, 10000, 20000, 10000),
(94, 80, 7, 2, '2023-06-12 14:53:54', 10, 27000, 30000, 3000),
(95, 81, 7, 2, '2023-06-12 14:54:04', 12, 20000, 30000, 10000),
(96, 82, 7, 2, '2023-06-12 14:54:09', 13, 10000, 20000, 10000),
(97, 83, 7, 2, '2023-06-12 14:54:15', 14, 12000, 20000, 8000),
(98, 84, 7, 2, '2023-06-12 14:54:20', 15, 15000, 20000, 5000),
(99, 85, 7, 2, '2023-06-12 14:54:27', 16, 13000, 20000, 7000),
(100, 86, 7, 2, '2023-06-12 14:54:32', 17, 12000, 20000, 8000),
(101, 87, 7, 2, '2023-06-12 14:54:43', 19, 25000, 30000, 5000),
(102, 88, 7, 2, '2023-06-12 14:54:49', 20, 10000, 20000, 10000),
(103, 89, 7, 2, '2023-06-12 14:54:54', 21, 15000, 20000, 5000),
(104, 90, 7, 2, '2023-06-12 14:55:00', 22, 15000, 20000, 5000),
(105, 91, 7, 2, '2023-06-12 14:55:05', 23, 10000, 20000, 10000),
(106, 92, 7, 2, '2023-06-12 14:55:10', 24, 15000, 20000, 5000),
(107, 93, 7, 2, '2023-06-12 14:55:15', 25, 12000, 20000, 8000),
(108, 94, 7, 2, '2023-06-12 14:55:20', 26, 10000, 20000, 10000),
(109, 95, 7, 2, '2023-06-12 14:55:25', 27, 13000, 20000, 7000),
(110, 96, 7, 2, '2023-06-12 14:55:30', 28, 15000, 20000, 5000),
(111, 97, 7, 2, '2023-06-12 14:55:36', 29, 12000, 20000, 8000),
(112, 98, 7, 2, '2023-06-12 14:55:41', 30, 15000, 20000, 5000),
(113, 99, 7, 2, '2023-06-12 14:55:46', 31, 12000, 20000, 8000),
(114, 100, 7, 2, '2023-06-12 14:55:52', 32, 15000, 20000, 5000),
(115, 101, 7, 2, '2023-06-12 14:56:00', 33, 10000, 20000, 10000),
(116, 102, 7, 2, '2023-06-12 14:56:05', 34, 15000, 20000, 5000),
(117, 103, 7, 2, '2023-06-12 14:56:10', 35, 12000, 20000, 8000),
(118, 104, 7, 2, '2023-06-12 14:56:16', 36, 10000, 20000, 10000),
(119, 105, 7, 2, '2023-06-12 14:56:23', 37, 13000, 20000, 7000),
(120, 106, 7, 2, '2023-06-12 14:56:29', 38, 15000, 20000, 5000),
(121, 107, 7, 2, '2023-06-12 14:56:34', 39, 15000, 20000, 5000),
(122, 108, 7, 2, '2023-06-12 14:56:40', 40, 12000, 20000, 8000),
(123, 109, 7, 2, '2023-06-12 14:56:44', 41, 15000, 20000, 5000),
(124, 110, 7, 2, '2023-06-12 14:56:51', 42, 15000, 20000, 5000),
(125, 111, 7, 2, '2023-06-12 14:56:57', 43, 15000, 20000, 5000),
(126, 112, 7, 2, '2023-06-12 14:57:02', 44, 12000, 20000, 8000),
(127, 113, 7, 2, '2023-06-12 14:57:06', 45, 15000, 20000, 5000),
(128, 114, 7, 2, '2023-06-12 14:57:12', 46, 12000, 20000, 8000),
(129, 115, 7, 2, '2023-06-12 14:57:20', 47, 15000, 20000, 5000),
(130, 116, 7, 2, '2023-06-12 14:57:28', 48, 15000, 20000, 5000),
(131, 117, 7, 2, '2023-06-12 14:57:33', 49, 12000, 20000, 8000),
(132, 118, 7, 2, '2023-06-12 14:57:38', 50, 10000, 20000, 10000),
(133, 119, 7, 2, '2023-06-12 14:57:46', 51, 12000, 20000, 8000),
(134, 120, 7, 2, '2023-06-12 14:57:51', 52, 10000, 20000, 10000),
(135, 121, 7, 2, '2023-06-12 14:57:57', 53, 12000, 20000, 8000),
(136, 122, 7, 2, '2023-06-12 14:58:04', 54, 13000, 20000, 7000),
(137, 123, 7, 2, '2023-06-12 14:58:09', 55, 15000, 20000, 5000),
(138, 124, 5, 2, '2023-06-27 15:36:36', 1, 10000, 20000, 10000),
(139, 125, 5, 2, '2023-06-27 15:36:43', 2, 15000, 20000, 5000),
(140, 126, 5, 2, '2023-06-27 15:36:48', 3, 15000, 20000, 5000),
(141, 127, 5, 2, '2023-06-27 15:36:54', 4, 15000, 20000, 5000),
(142, 128, 5, 2, '2023-06-27 15:36:59', 5, 13000, 20000, 7000),
(143, 129, 5, 2, '2023-06-27 15:37:09', 6, 15000, 20000, 5000),
(144, 130, 5, 2, '2023-06-27 15:37:15', 7, 10000, 20000, 10000),
(145, 131, 5, 2, '2023-06-27 15:37:19', 8, 15000, 20000, 5000),
(146, 132, 5, 2, '2023-06-27 15:37:24', 9, 13000, 20000, 7000),
(147, 133, 5, 2, '2023-06-27 15:37:29', 10, 15000, 20000, 5000),
(148, 134, 5, 2, '2023-06-27 15:37:34', 11, 15000, 20000, 5000),
(149, 135, 5, 2, '2023-06-27 15:37:39', 12, 15000, 20000, 5000),
(150, 136, 5, 2, '2023-06-27 15:37:43', 13, 13000, 20000, 7000),
(151, 137, 5, 2, '2023-06-27 15:37:50', 14, 12000, 20000, 8000),
(152, 138, 5, 2, '2023-06-27 15:38:14', 15, 15000, 20000, 5000),
(153, 139, 5, 2, '2023-06-27 15:38:20', 16, 15000, 20000, 5000),
(154, 140, 5, 2, '2023-06-27 15:38:25', 17, 12000, 20000, 8000),
(155, 141, 5, 2, '2023-06-27 15:38:30', 18, 10000, 20000, 10000),
(156, 142, 5, 2, '2023-06-27 15:38:35', 19, 10000, 20000, 10000),
(157, 143, 5, 2, '2023-06-27 15:38:42', 20, 15000, 20000, 5000),
(158, 144, 5, 2, '2023-06-27 15:38:47', 21, 12000, 20000, 8000),
(159, 145, 5, 2, '2023-06-27 15:38:53', 22, 10000, 20000, 10000),
(160, 146, 5, 2, '2023-06-27 15:39:00', 23, 15000, 20000, 5000),
(161, 147, 5, 2, '2023-06-27 15:39:05', 24, 10000, 20000, 10000),
(162, 148, 5, 2, '2023-06-27 15:39:10', 25, 15000, 20000, 5000),
(163, 149, 5, 2, '2023-06-27 15:39:15', 26, 12000, 20000, 8000),
(164, 150, 5, 2, '2023-06-27 15:39:20', 27, 10000, 20000, 10000),
(165, 151, 5, 2, '2023-06-27 15:39:25', 28, 15000, 20000, 5000),
(166, 152, 5, 2, '2023-06-27 15:39:33', 29, 10000, 20000, 10000),
(167, 153, 5, 2, '2023-06-27 15:39:38', 30, 12000, 20000, 8000),
(168, 154, 5, 2, '2023-06-27 15:39:43', 31, 12000, 20000, 8000),
(169, 155, 5, 2, '2023-06-27 15:39:48', 32, 15000, 20000, 5000),
(170, 156, 5, 2, '2023-06-27 15:39:54', 33, 10000, 20000, 10000),
(171, 157, 5, 2, '2023-06-27 15:39:59', 34, 15000, 20000, 5000),
(172, 158, 5, 2, '2023-06-27 15:40:04', 35, 10000, 20000, 10000),
(173, 159, 5, 2, '2023-06-27 15:40:09', 36, 13000, 20000, 7000),
(174, 160, 5, 2, '2023-06-27 15:40:16', 37, 12000, 20000, 8000),
(175, 161, 5, 2, '2023-06-27 15:40:21', 38, 15000, 20000, 5000),
(176, 162, 5, 2, '2023-06-27 15:40:25', 39, 15000, 20000, 5000),
(177, 163, 5, 2, '2023-06-27 15:40:30', 40, 10000, 20000, 10000),
(178, 164, 5, 2, '2023-06-27 15:40:35', 41, 15000, 20000, 5000),
(179, 165, 5, 2, '2023-06-27 15:40:39', 42, 15000, 20000, 5000),
(180, 166, 5, 2, '2023-06-27 15:40:44', 43, 10000, 20000, 10000),
(181, 167, 5, 2, '2023-06-27 15:40:48', 44, 12000, 20000, 8000),
(182, 168, 5, 2, '2023-06-27 15:40:53', 45, 13000, 20000, 7000),
(183, 169, 5, 2, '2023-06-27 15:41:00', 46, 12000, 20000, 8000),
(184, 170, 5, 2, '2023-06-27 15:41:05', 47, 15000, 20000, 5000),
(185, 171, 5, 2, '2023-06-27 15:41:11', 48, 13000, 20000, 7000),
(186, 172, 5, 2, '2023-06-27 15:41:16', 49, 15000, 20000, 5000),
(187, 173, 5, 2, '2023-06-27 15:41:21', 50, 12000, 20000, 8000),
(188, 174, 5, 2, '2023-06-27 15:41:26', 51, 15000, 20000, 5000),
(189, 175, 5, 2, '2023-07-25 19:14:36', 2, 20000, 20000, 0),
(190, 176, 5, 2, '2023-07-25 19:14:44', 3, 15000, 20000, 5000),
(191, 177, 5, 2, '2023-07-25 19:14:51', 4, 12000, 20000, 8000),
(192, 178, 5, 2, '2023-07-25 19:14:57', 5, 15000, 20000, 5000),
(193, 179, 5, 2, '2023-07-25 19:15:04', 6, 12000, 20000, 8000),
(194, 180, 5, 2, '2023-07-25 19:15:11', 7, 12000, 20000, 8000),
(195, 181, 5, 2, '2023-07-25 19:15:19', 9, 25000, 50000, 25000),
(196, 182, 5, 2, '2023-07-25 19:15:26', 10, 12000, 20000, 8000),
(197, 183, 5, 2, '2023-07-25 19:15:31', 11, 15000, 20000, 5000),
(198, 184, 5, 2, '2023-07-25 19:15:37', 12, 10000, 20000, 10000),
(199, 185, 5, 2, '2023-07-25 19:15:46', 14, 27000, 50000, 23000),
(200, 186, 5, 2, '2023-07-25 19:15:54', 15, 15000, 20000, 5000),
(201, 187, 5, 2, '2023-07-25 19:16:01', 16, 10000, 20000, 10000),
(202, 188, 5, 2, '2023-07-25 19:16:06', 17, 10000, 20000, 10000),
(203, 189, 5, 2, '2023-07-25 19:16:15', 18, 10000, 20000, 10000),
(204, 190, 5, 2, '2023-07-25 19:16:21', 19, 13000, 20000, 7000),
(205, 191, 5, 2, '2023-07-25 19:16:29', 21, 27000, 30000, 3000),
(206, 192, 5, 2, '2023-07-25 19:16:35', 22, 15000, 20000, 5000),
(207, 193, 5, 2, '2023-07-25 19:16:40', 23, 12000, 20000, 8000),
(208, 194, 5, 2, '2023-07-25 19:16:46', 24, 10000, 20000, 10000),
(209, 195, 5, 2, '2023-07-25 19:16:53', 26, 28000, 30000, 2000),
(210, 196, 5, 2, '2023-07-25 19:17:02', 28, 22000, 100000, 78000),
(211, 197, 5, 2, '2023-07-25 19:17:12', 30, 27000, 30000, 3000),
(212, 198, 5, 2, '2023-07-25 19:17:18', 31, 10000, 20000, 10000),
(213, 199, 5, 2, '2023-07-25 19:17:24', 33, 25000, 30000, 5000),
(214, 200, 5, 2, '2023-07-25 19:17:32', 34, 10000, 15000, 5000),
(215, 201, 5, 2, '2023-07-25 19:17:38', 35, 10000, 20000, 10000),
(216, 202, 5, 2, '2023-07-25 19:17:45', 37, 28000, 50000, 22000),
(217, 203, 5, 2, '2023-07-25 19:17:52', 38, 15000, 20000, 5000),
(218, 204, 5, 2, '2023-07-25 19:17:57', 39, 10000, 20000, 10000),
(219, 205, 5, 2, '2023-07-25 19:18:05', 41, 25000, 50000, 25000),
(220, 206, 5, 2, '2023-07-25 19:18:10', 42, 10000, 20000, 10000),
(221, 207, 5, 2, '2023-07-25 19:18:16', 43, 15000, 20000, 5000),
(222, 208, 5, 2, '2023-07-25 19:18:23', 45, 25000, 50000, 25000),
(223, 209, 5, 2, '2023-07-25 19:18:28', 46, 10000, 20000, 10000),
(224, 210, 5, 2, '2023-07-25 19:18:35', 48, 25000, 100000, 75000),
(225, 211, 5, 2, '2023-07-25 19:18:42', 50, 23000, 50000, 27000),
(226, 212, 5, 2, '2023-07-25 19:18:56', 51, 15000, 20000, 5000),
(227, 213, 5, 2, '2023-07-25 19:19:02', 52, 10000, 20000, 10000),
(228, 214, 5, 2, '2023-07-25 19:19:09', 54, 22000, 25000, 3000),
(229, 215, 5, 2, '2023-07-25 19:19:17', 56, 25000, 25000, 0),
(230, 216, 5, 2, '2023-07-25 19:19:24', 57, 10000, 20000, 10000),
(231, 217, 5, 2, '2023-07-25 19:19:29', 58, 10000, 20000, 10000),
(232, 218, 5, 2, '2023-07-25 19:19:36', 59, 13000, 20000, 7000),
(233, 219, 5, 2, '2023-07-25 19:19:42', 60, 10000, 20000, 10000),
(234, 220, 5, 2, '2023-07-25 19:19:49', 62, 25000, 25000, 0),
(235, 221, 5, 2, '2023-07-25 19:19:55', 63, 10000, 20000, 10000),
(236, 222, 5, 2, '2023-07-25 19:20:01', 65, 20000, 20000, 0),
(237, 223, 5, 2, '2023-07-25 19:20:07', 67, 25000, 25000, 0),
(238, 224, 5, 2, '2023-07-25 19:20:13', 68, 10000, 20000, 10000),
(239, 225, 5, 2, '2023-07-25 19:20:20', 70, 27000, 50000, 23000),
(240, 226, 5, 2, '2023-07-25 19:20:26', 72, 22000, 100000, 78000),
(241, 227, 3, 2, '2023-06-12 02:00:45', 1, 10000, 20000, 10000);

-- --------------------------------------------------------

--
-- Struktur dari tabel `tb_pemesanan`
--

CREATE TABLE `tb_pemesanan` (
  `id_pemesanan` int(11) NOT NULL,
  `id_user` int(11) NOT NULL,
  `tanggal_pemesanan` datetime NOT NULL,
  `jumlah` int(11) NOT NULL,
  `total_harga` int(11) NOT NULL,
  `status` enum('sudah bayar','belum bayar','','') NOT NULL
) ENGINE=InnoDB DEFAULT CHARSET=utf8mb4 COLLATE=utf8mb4_general_ci;

--
-- Dumping data untuk tabel `tb_pemesanan`
--

INSERT INTO `tb_pemesanan` (`id_pemesanan`, `id_user`, `tanggal_pemesanan`, `jumlah`, `total_harga`, `status`) VALUES
(22, 3, '2023-05-29 10:47:24', 3, 40000, 'sudah bayar'),
(24, 3, '2023-05-29 16:18:57', 1, 15000, 'sudah bayar'),
(25, 4, '2023-06-11 13:25:59', 1, 10000, 'sudah bayar'),
(26, 4, '2023-06-11 13:26:25', 1, 10000, 'sudah bayar'),
(27, 3, '2023-06-11 13:31:16', 2, 25000, 'sudah bayar'),
(28, 3, '2023-06-11 13:31:39', 2, 22000, 'sudah bayar'),
(29, 7, '2023-06-11 13:44:16', 1, 15000, 'sudah bayar'),
(30, 5, '2023-06-11 13:45:40', 3, 40000, 'sudah bayar'),
(31, 5, '2023-06-11 13:45:51', 1, 15000, 'sudah bayar'),
(32, 3, '2023-06-11 14:01:11', 2, 27000, 'sudah bayar'),
(33, 7, '2023-06-11 14:08:06', 1, 15000, 'sudah bayar'),
(34, 4, '2023-06-11 14:18:32', 1, 15000, 'sudah bayar'),
(35, 3, '2023-06-11 14:26:50', 1, 12000, 'sudah bayar'),
(36, 3, '2023-06-11 14:27:54', 2, 30000, 'sudah bayar'),
(37, 3, '2023-06-11 14:29:22', 2, 20000, 'sudah bayar'),
(38, 3, '2023-06-11 14:29:36', 2, 30000, 'sudah bayar'),
(39, 3, '2023-06-11 14:29:54', 2, 30000, 'sudah bayar'),
(40, 3, '2023-06-11 14:30:01', 1, 13000, 'sudah bayar'),
(41, 3, '2023-06-11 14:30:20', 1, 12000, 'sudah bayar'),
(42, 3, '2023-06-11 14:30:26', 1, 15000, 'sudah bayar'),
(43, 3, '2023-06-11 14:30:36', 2, 20000, 'sudah bayar'),
(44, 3, '2023-06-11 14:30:44', 1, 15000, 'sudah bayar'),
(45, 3, '2023-06-11 14:30:57', 2, 30000, 'sudah bayar'),
(46, 3, '2023-06-11 14:31:09', 2, 25000, 'sudah bayar'),
(47, 3, '2023-06-11 14:31:17', 1, 15000, 'sudah bayar'),
(48, 3, '2023-06-11 14:31:49', 2, 28000, 'sudah bayar'),
(49, 3, '2023-06-11 14:32:00', 2, 27000, 'sudah bayar'),
(50, 3, '2023-06-11 14:32:05', 1, 12000, 'sudah bayar'),
(51, 3, '2023-06-11 14:32:11', 1, 15000, 'sudah bayar'),
(52, 3, '2023-06-11 14:32:19', 1, 15000, 'sudah bayar'),
(53, 3, '2023-06-11 14:32:55', 1, 12000, 'sudah bayar'),
(54, 3, '2023-06-11 14:33:02', 1, 15000, 'sudah bayar'),
(55, 3, '2023-06-11 14:33:10', 1, 10000, 'sudah bayar'),
(56, 3, '2023-06-11 14:33:23', 2, 28000, 'sudah bayar'),
(57, 3, '2023-06-11 14:33:30', 1, 12000, 'sudah bayar'),
(58, 3, '2023-06-11 14:33:56', 1, 10000, 'sudah bayar'),
(59, 3, '2023-06-11 14:34:02', 1, 10000, 'sudah bayar'),
(60, 3, '2023-06-11 14:34:12', 2, 25000, 'sudah bayar'),
(61, 3, '2023-06-11 14:34:28', 2, 25000, 'sudah bayar'),
(62, 3, '2023-06-11 14:34:41', 1, 10000, 'sudah bayar'),
(63, 3, '2023-06-11 14:34:50', 2, 25000, 'sudah bayar'),
(64, 3, '2023-06-11 14:36:10', 1, 10000, 'sudah bayar'),
(65, 3, '2023-06-11 14:37:05', 1, 15000, 'sudah bayar'),
(66, 3, '2023-06-11 14:37:22', 3, 37000, 'sudah bayar'),
(67, 3, '2023-06-11 14:37:34', 1, 15000, 'sudah bayar'),
(68, 3, '2023-06-11 14:37:51', 3, 35000, 'sudah bayar'),
(69, 3, '2023-06-11 14:37:58', 1, 10000, 'sudah bayar'),
(70, 3, '2023-06-11 14:38:05', 1, 10000, 'sudah bayar'),
(71, 3, '2023-06-11 14:38:15', 1, 10000, 'sudah bayar'),
(72, 3, '2023-06-11 14:38:35', 4, 52000, 'sudah bayar'),
(73, 7, '2023-06-12 14:46:08', 1, 10000, 'sudah bayar'),
(74, 7, '2023-06-12 14:46:29', 1, 10000, 'sudah bayar'),
(75, 7, '2023-06-12 14:46:39', 1, 12000, 'sudah bayar'),
(76, 7, '2023-06-12 14:47:02', 1, 15000, 'sudah bayar'),
(77, 7, '2023-06-12 14:47:07', 1, 10000, 'sudah bayar'),
(78, 7, '2023-06-12 14:47:17', 2, 30000, 'sudah bayar'),
(79, 7, '2023-06-12 14:47:23', 1, 10000, 'sudah bayar'),
(80, 7, '2023-06-12 14:47:33', 2, 27000, 'sudah bayar'),
(81, 7, '2023-06-12 14:47:42', 2, 20000, 'sudah bayar'),
(82, 7, '2023-06-12 14:47:47', 1, 10000, 'sudah bayar'),
(83, 7, '2023-06-12 14:47:52', 1, 12000, 'sudah bayar'),
(84, 7, '2023-06-12 14:47:59', 1, 15000, 'sudah bayar'),
(85, 7, '2023-06-12 14:48:06', 1, 13000, 'sudah bayar'),
(86, 7, '2023-06-12 14:48:12', 1, 12000, 'sudah bayar'),
(87, 7, '2023-06-12 14:48:23', 2, 25000, 'sudah bayar'),
(88, 7, '2023-06-12 14:48:31', 1, 10000, 'sudah bayar'),
(89, 7, '2023-06-12 14:48:37', 1, 15000, 'sudah bayar'),
(90, 7, '2023-06-12 14:48:45', 1, 15000, 'sudah bayar'),
(91, 7, '2023-06-12 14:48:51', 1, 10000, 'sudah bayar'),
(92, 7, '2023-06-12 14:48:57', 1, 15000, 'sudah bayar'),
(93, 7, '2023-06-12 14:49:02', 1, 12000, 'sudah bayar'),
(94, 7, '2023-06-12 14:49:07', 1, 10000, 'sudah bayar'),
(95, 7, '2023-06-12 14:49:13', 1, 13000, 'sudah bayar'),
(96, 7, '2023-06-12 14:49:19', 1, 15000, 'sudah bayar'),
(97, 7, '2023-06-12 14:49:24', 1, 12000, 'sudah bayar'),
(98, 7, '2023-06-12 14:49:30', 1, 15000, 'sudah bayar'),
(99, 7, '2023-06-12 14:49:42', 1, 12000, 'sudah bayar'),
(100, 7, '2023-06-12 14:49:50', 1, 15000, 'sudah bayar'),
(101, 7, '2023-06-12 14:49:55', 1, 10000, 'sudah bayar'),
(102, 7, '2023-06-12 14:50:00', 1, 15000, 'sudah bayar'),
(103, 7, '2023-06-12 14:50:05', 1, 12000, 'sudah bayar'),
(104, 7, '2023-06-12 14:50:10', 1, 10000, 'sudah bayar'),
(105, 7, '2023-06-12 14:50:17', 1, 13000, 'sudah bayar'),
(106, 7, '2023-06-12 14:50:22', 1, 15000, 'sudah bayar'),
(107, 7, '2023-06-12 14:50:28', 1, 15000, 'sudah bayar'),
(108, 7, '2023-06-12 14:50:33', 1, 12000, 'sudah bayar'),
(109, 7, '2023-06-12 14:50:38', 1, 15000, 'sudah bayar'),
(110, 7, '2023-06-12 14:50:43', 1, 15000, 'sudah bayar'),
(111, 7, '2023-06-12 14:50:48', 1, 15000, 'sudah bayar'),
(112, 7, '2023-06-12 14:50:55', 1, 12000, 'sudah bayar'),
(113, 7, '2023-06-12 14:51:04', 1, 15000, 'sudah bayar'),
(114, 7, '2023-06-12 14:51:11', 1, 12000, 'sudah bayar'),
(115, 7, '2023-06-12 14:51:19', 1, 15000, 'sudah bayar'),
(116, 7, '2023-06-12 14:51:25', 1, 15000, 'sudah bayar'),
(117, 7, '2023-06-12 14:51:30', 1, 12000, 'sudah bayar'),
(118, 7, '2023-06-12 14:51:37', 1, 10000, 'sudah bayar'),
(119, 7, '2023-06-12 14:51:43', 1, 12000, 'sudah bayar'),
(120, 7, '2023-06-12 14:51:49', 1, 10000, 'sudah bayar'),
(121, 7, '2023-06-12 14:51:55', 1, 12000, 'sudah bayar'),
(122, 7, '2023-06-12 14:52:01', 1, 13000, 'sudah bayar'),
(123, 7, '2023-06-12 14:52:06', 1, 15000, 'sudah bayar'),
(124, 5, '2023-06-27 15:30:39', 1, 10000, 'sudah bayar'),
(125, 5, '2023-06-27 15:30:46', 1, 15000, 'sudah bayar'),
(126, 5, '2023-06-27 15:30:53', 1, 15000, 'sudah bayar'),
(127, 5, '2023-06-27 15:31:10', 1, 15000, 'sudah bayar'),
(128, 5, '2023-06-27 15:31:18', 1, 13000, 'sudah bayar'),
(129, 5, '2023-06-27 15:31:24', 1, 15000, 'sudah bayar'),
(130, 5, '2023-06-27 15:31:29', 1, 10000, 'sudah bayar'),
(131, 5, '2023-06-27 15:31:37', 1, 15000, 'sudah bayar'),
(132, 5, '2023-06-27 15:31:47', 1, 13000, 'sudah bayar'),
(133, 5, '2023-06-27 15:31:54', 1, 15000, 'sudah bayar'),
(134, 5, '2023-06-27 15:32:01', 1, 15000, 'sudah bayar'),
(135, 5, '2023-06-27 15:32:14', 1, 15000, 'sudah bayar'),
(136, 5, '2023-06-27 15:32:20', 1, 13000, 'sudah bayar'),
(137, 5, '2023-06-27 15:32:26', 1, 12000, 'sudah bayar'),
(138, 5, '2023-06-27 15:32:31', 1, 15000, 'sudah bayar'),
(139, 5, '2023-06-27 15:32:36', 1, 15000, 'sudah bayar'),
(140, 5, '2023-06-27 15:32:44', 1, 12000, 'sudah bayar'),
(141, 5, '2023-06-27 15:32:50', 1, 10000, 'sudah bayar'),
(142, 5, '2023-06-27 15:32:54', 1, 10000, 'sudah bayar'),
(143, 5, '2023-06-27 15:32:59', 1, 15000, 'sudah bayar'),
(144, 5, '2023-06-27 15:33:04', 1, 12000, 'sudah bayar'),
(145, 5, '2023-06-27 15:33:09', 1, 10000, 'sudah bayar'),
(146, 5, '2023-06-27 15:33:14', 1, 15000, 'sudah bayar'),
(147, 5, '2023-06-27 15:33:18', 1, 10000, 'sudah bayar'),
(148, 5, '2023-06-27 15:33:25', 1, 15000, 'sudah bayar'),
(149, 5, '2023-06-27 15:33:30', 1, 12000, 'sudah bayar'),
(150, 5, '2023-06-27 15:33:35', 1, 10000, 'sudah bayar'),
(151, 5, '2023-06-27 15:33:40', 1, 15000, 'sudah bayar'),
(152, 5, '2023-06-27 15:33:45', 1, 10000, 'sudah bayar'),
(153, 5, '2023-06-27 15:33:51', 1, 12000, 'sudah bayar'),
(154, 5, '2023-06-27 15:33:56', 1, 12000, 'sudah bayar'),
(155, 5, '2023-06-27 15:34:02', 1, 15000, 'sudah bayar'),
(156, 5, '2023-06-27 15:34:07', 1, 10000, 'sudah bayar'),
(157, 5, '2023-06-27 15:34:12', 1, 15000, 'sudah bayar'),
(158, 5, '2023-06-27 15:34:17', 1, 10000, 'sudah bayar'),
(159, 5, '2023-06-27 15:34:25', 1, 13000, 'sudah bayar'),
(160, 5, '2023-06-27 15:34:31', 1, 12000, 'sudah bayar'),
(161, 5, '2023-06-27 15:34:36', 1, 15000, 'sudah bayar'),
(162, 5, '2023-06-27 15:34:41', 1, 15000, 'sudah bayar'),
(163, 5, '2023-06-27 15:34:46', 1, 10000, 'sudah bayar'),
(164, 5, '2023-06-27 15:34:52', 1, 15000, 'sudah bayar'),
(165, 5, '2023-06-27 15:34:57', 1, 15000, 'sudah bayar'),
(166, 5, '2023-06-27 15:35:02', 1, 10000, 'sudah bayar'),
(167, 5, '2023-06-27 15:35:08', 1, 12000, 'sudah bayar'),
(168, 5, '2023-06-27 15:35:13', 1, 13000, 'sudah bayar'),
(169, 5, '2023-06-27 15:35:19', 1, 12000, 'sudah bayar'),
(170, 5, '2023-06-27 15:35:30', 1, 15000, 'sudah bayar'),
(171, 5, '2023-06-27 15:35:36', 1, 13000, 'sudah bayar'),
(172, 5, '2023-06-27 15:35:43', 1, 15000, 'sudah bayar'),
(173, 5, '2023-06-27 15:35:51', 1, 12000, 'sudah bayar'),
(174, 5, '2023-06-27 15:35:57', 1, 15000, 'sudah bayar'),
(175, 5, '2023-07-17 19:05:45', 2, 20000, 'sudah bayar'),
(176, 5, '2023-07-17 19:05:55', 1, 15000, 'sudah bayar'),
(177, 5, '2023-07-17 19:06:02', 1, 12000, 'sudah bayar'),
(178, 5, '2023-07-17 19:06:12', 1, 15000, 'sudah bayar'),
(179, 5, '2023-07-17 19:06:19', 1, 12000, 'sudah bayar'),
(180, 5, '2023-07-17 19:06:26', 1, 12000, 'sudah bayar'),
(181, 5, '2023-07-17 19:06:39', 2, 25000, 'sudah bayar'),
(182, 5, '2023-07-17 19:06:47', 1, 12000, 'sudah bayar'),
(183, 5, '2023-07-17 19:06:54', 1, 15000, 'sudah bayar'),
(184, 5, '2023-07-17 19:07:01', 1, 10000, 'sudah bayar'),
(185, 5, '2023-07-17 19:07:16', 2, 27000, 'sudah bayar'),
(186, 5, '2023-07-17 19:07:25', 1, 15000, 'sudah bayar'),
(187, 5, '2023-07-17 19:07:33', 1, 10000, 'sudah bayar'),
(188, 5, '2023-07-17 19:07:40', 1, 10000, 'sudah bayar'),
(189, 5, '2023-07-17 19:07:48', 1, 10000, 'sudah bayar'),
(190, 5, '2023-07-17 19:07:56', 1, 13000, 'sudah bayar'),
(191, 5, '2023-07-17 19:08:11', 2, 27000, 'sudah bayar'),
(192, 5, '2023-07-17 19:08:23', 1, 15000, 'sudah bayar'),
(193, 5, '2023-07-17 19:08:32', 1, 12000, 'sudah bayar'),
(194, 5, '2023-07-17 19:08:39', 1, 10000, 'sudah bayar'),
(195, 5, '2023-07-17 19:08:51', 2, 28000, 'sudah bayar'),
(196, 5, '2023-07-17 19:09:02', 2, 22000, 'sudah bayar'),
(197, 5, '2023-07-17 19:09:12', 2, 27000, 'sudah bayar'),
(198, 5, '2023-07-17 19:09:19', 1, 10000, 'sudah bayar'),
(199, 5, '2023-07-17 19:09:35', 2, 25000, 'sudah bayar'),
(200, 5, '2023-07-17 19:09:43', 1, 10000, 'sudah bayar'),
(201, 5, '2023-07-17 19:09:49', 1, 10000, 'sudah bayar'),
(202, 5, '2023-07-17 19:10:01', 2, 28000, 'sudah bayar'),
(203, 5, '2023-07-17 19:10:07', 1, 15000, 'sudah bayar'),
(204, 5, '2023-07-17 19:10:13', 1, 10000, 'sudah bayar'),
(205, 5, '2023-07-17 19:10:29', 2, 25000, 'sudah bayar'),
(206, 5, '2023-07-17 19:10:35', 1, 10000, 'sudah bayar'),
(207, 5, '2023-07-17 19:10:40', 1, 15000, 'sudah bayar'),
(208, 5, '2023-07-17 19:10:50', 2, 25000, 'sudah bayar'),
(209, 5, '2023-07-17 19:10:57', 1, 10000, 'sudah bayar'),
(210, 5, '2023-07-17 19:11:26', 2, 25000, 'sudah bayar'),
(211, 5, '2023-07-17 19:11:36', 2, 23000, 'sudah bayar'),
(212, 5, '2023-07-17 19:11:44', 1, 15000, 'sudah bayar'),
(213, 5, '2023-07-17 19:11:50', 1, 10000, 'sudah bayar'),
(214, 5, '2023-07-17 19:11:59', 2, 22000, 'sudah bayar'),
(215, 5, '2023-07-17 19:12:13', 2, 25000, 'sudah bayar'),
(216, 5, '2023-07-17 19:12:20', 1, 10000, 'sudah bayar'),
(217, 5, '2023-07-17 19:12:27', 1, 10000, 'sudah bayar'),
(218, 5, '2023-07-17 19:12:38', 1, 13000, 'sudah bayar'),
(219, 5, '2023-07-17 19:12:43', 1, 10000, 'sudah bayar'),
(220, 5, '2023-07-17 19:12:52', 2, 25000, 'sudah bayar'),
(221, 5, '2023-07-17 19:12:58', 1, 10000, 'sudah bayar'),
(222, 5, '2023-07-17 19:13:11', 2, 20000, 'sudah bayar'),
(223, 5, '2023-07-17 19:13:22', 2, 25000, 'sudah bayar'),
(224, 5, '2023-07-25 19:13:38', 1, 10000, 'sudah bayar'),
(225, 5, '2023-07-25 19:13:53', 2, 27000, 'sudah bayar'),
(226, 5, '2023-07-25 19:14:06', 2, 22000, 'sudah bayar'),
(227, 3, '2023-06-11 23:35:07', 1, 10000, 'sudah bayar'),
(228, 3, '2023-06-12 01:57:03', 1, 10000, 'belum bayar');

-- --------------------------------------------------------

--
-- Struktur dari tabel `tb_user`
--

CREATE TABLE `tb_user` (
  `id_user` int(11) NOT NULL,
  `username` varchar(50) NOT NULL,
  `password` varchar(50) NOT NULL,
  `nama` varchar(50) NOT NULL,
  `level` int(11) NOT NULL
) ENGINE=InnoDB DEFAULT CHARSET=utf8mb4 COLLATE=utf8mb4_general_ci;

--
-- Dumping data untuk tabel `tb_user`
--

INSERT INTO `tb_user` (`id_user`, `username`, `password`, `nama`, `level`) VALUES
(1, 'admin', 'admin', 'Admin', 1),
(2, 'putra', '123', 'Putra', 2),
(3, 'meja1', '123', 'Meja 1', 3),
(4, 'meja2', '123', 'Meja 2', 3),
(5, 'meja3', '123', 'Meja 3', 3),
(7, 'meja5', '123', 'Meja 5', 3);

--
-- Indexes for dumped tables
--

--
-- Indeks untuk tabel `tb_detail_pemesanan`
--
ALTER TABLE `tb_detail_pemesanan`
  ADD PRIMARY KEY (`id_detail_pemesanan`),
  ADD KEY `id_pemesanan` (`id_pemesanan`),
  ADD KEY `id_menu` (`id_menu`);

--
-- Indeks untuk tabel `tb_interface`
--
ALTER TABLE `tb_interface`
  ADD PRIMARY KEY (`id_interface`);

--
-- Indeks untuk tabel `tb_level`
--
ALTER TABLE `tb_level`
  ADD PRIMARY KEY (`id_level`);

--
-- Indeks untuk tabel `tb_level_menu`
--
ALTER TABLE `tb_level_menu`
  ADD PRIMARY KEY (`id_level_menu`),
  ADD KEY `id_user` (`id_level`),
  ADD KEY `id_level` (`id_interface`);

--
-- Indeks untuk tabel `tb_menu`
--
ALTER TABLE `tb_menu`
  ADD PRIMARY KEY (`id_menu`);

--
-- Indeks untuk tabel `tb_pembayaran`
--
ALTER TABLE `tb_pembayaran`
  ADD PRIMARY KEY (`id_pembayaran`),
  ADD KEY `id_user` (`id_pemesanan`),
  ADD KEY `id_pemesanan` (`id_pemesanan`),
  ADD KEY `id_user_2` (`id_user`),
  ADD KEY `id_kasir` (`id_kasir`);

--
-- Indeks untuk tabel `tb_pemesanan`
--
ALTER TABLE `tb_pemesanan`
  ADD PRIMARY KEY (`id_pemesanan`),
  ADD KEY `id_user` (`id_user`);

--
-- Indeks untuk tabel `tb_user`
--
ALTER TABLE `tb_user`
  ADD PRIMARY KEY (`id_user`),
  ADD KEY `level` (`level`);

--
-- AUTO_INCREMENT untuk tabel yang dibuang
--

--
-- AUTO_INCREMENT untuk tabel `tb_detail_pemesanan`
--
ALTER TABLE `tb_detail_pemesanan`
  MODIFY `id_detail_pemesanan` int(11) NOT NULL AUTO_INCREMENT, AUTO_INCREMENT=291;

--
-- AUTO_INCREMENT untuk tabel `tb_interface`
--
ALTER TABLE `tb_interface`
  MODIFY `id_interface` int(11) NOT NULL AUTO_INCREMENT, AUTO_INCREMENT=9;

--
-- AUTO_INCREMENT untuk tabel `tb_level`
--
ALTER TABLE `tb_level`
  MODIFY `id_level` int(11) NOT NULL AUTO_INCREMENT, AUTO_INCREMENT=4;

--
-- AUTO_INCREMENT untuk tabel `tb_level_menu`
--
ALTER TABLE `tb_level_menu`
  MODIFY `id_level_menu` int(11) NOT NULL AUTO_INCREMENT, AUTO_INCREMENT=25;

--
-- AUTO_INCREMENT untuk tabel `tb_menu`
--
ALTER TABLE `tb_menu`
  MODIFY `id_menu` int(11) NOT NULL AUTO_INCREMENT, AUTO_INCREMENT=24;

--
-- AUTO_INCREMENT untuk tabel `tb_pembayaran`
--
ALTER TABLE `tb_pembayaran`
  MODIFY `id_pembayaran` int(11) NOT NULL AUTO_INCREMENT, AUTO_INCREMENT=242;

--
-- AUTO_INCREMENT untuk tabel `tb_pemesanan`
--
ALTER TABLE `tb_pemesanan`
  MODIFY `id_pemesanan` int(11) NOT NULL AUTO_INCREMENT, AUTO_INCREMENT=229;

--
-- AUTO_INCREMENT untuk tabel `tb_user`
--
ALTER TABLE `tb_user`
  MODIFY `id_user` int(11) NOT NULL AUTO_INCREMENT, AUTO_INCREMENT=9;

--
-- Ketidakleluasaan untuk tabel pelimpahan (Dumped Tables)
--

--
-- Ketidakleluasaan untuk tabel `tb_detail_pemesanan`
--
ALTER TABLE `tb_detail_pemesanan`
  ADD CONSTRAINT `tb_detail_pemesanan_ibfk_1` FOREIGN KEY (`id_pemesanan`) REFERENCES `tb_pemesanan` (`id_pemesanan`),
  ADD CONSTRAINT `tb_detail_pemesanan_ibfk_2` FOREIGN KEY (`id_menu`) REFERENCES `tb_menu` (`id_menu`) ON UPDATE CASCADE;

--
-- Ketidakleluasaan untuk tabel `tb_level_menu`
--
ALTER TABLE `tb_level_menu`
  ADD CONSTRAINT `tb_level_menu_ibfk_2` FOREIGN KEY (`id_interface`) REFERENCES `tb_interface` (`id_interface`),
  ADD CONSTRAINT `tb_level_menu_ibfk_3` FOREIGN KEY (`id_level`) REFERENCES `tb_level` (`id_level`);

--
-- Ketidakleluasaan untuk tabel `tb_pembayaran`
--
ALTER TABLE `tb_pembayaran`
  ADD CONSTRAINT `tb_pembayaran_ibfk_1` FOREIGN KEY (`id_pemesanan`) REFERENCES `tb_pemesanan` (`id_pemesanan`),
  ADD CONSTRAINT `tb_pembayaran_ibfk_2` FOREIGN KEY (`id_user`) REFERENCES `tb_user` (`id_user`),
  ADD CONSTRAINT `tb_pembayaran_ibfk_3` FOREIGN KEY (`id_kasir`) REFERENCES `tb_user` (`id_user`);

--
-- Ketidakleluasaan untuk tabel `tb_pemesanan`
--
ALTER TABLE `tb_pemesanan`
  ADD CONSTRAINT `tb_pemesanan_ibfk_1` FOREIGN KEY (`id_user`) REFERENCES `tb_user` (`id_user`) ON UPDATE CASCADE;

--
-- Ketidakleluasaan untuk tabel `tb_user`
--
ALTER TABLE `tb_user`
  ADD CONSTRAINT `tb_user_ibfk_1` FOREIGN KEY (`level`) REFERENCES `tb_level` (`id_level`);
COMMIT;

/*!40101 SET CHARACTER_SET_CLIENT=@OLD_CHARACTER_SET_CLIENT */;
/*!40101 SET CHARACTER_SET_RESULTS=@OLD_CHARACTER_SET_RESULTS */;
/*!40101 SET COLLATION_CONNECTION=@OLD_COLLATION_CONNECTION */;
